Average RunTime,RandomWalkLength,RandomWalkStart,Improvement
20343,1,3,best
134217,1,2,best
7083,1,4,best
147213,1,3,first
226539,1,2,first
85464,1,4,first
86935,1,5,best
131059,1,5,first
150919,2,4,best
103211,1,6,best
243174,2,3,best
152617,2,5,best
150453,3,6,best
243298,3,5,best
149220,1,6,first
198988,2,4,first
257922,3,4,best
353382,1,1,best
291145,4,4,best
98480,1,8,best
275876,2,3,first
148588,1,7,best
135946,2,6,best
320339,2,2,best
384496,3,2,best
400000,2,1,best
275651,4,5,best
304080,5,5,best
245056,3,6,first
274544,5,6,best
217819,2,5,first
400000,3,1,best
139585,1,8,first
292006,5,4,best
320059,4,4,first
276047,3,4,first
400000,4,2,best
216553,2,7,best
320055,6,4,best
305858,3,3,best
320429,5,3,best
276088,4,5,first
320028,3,5,first
337892,7,3,best
259473,4,6,best
135853,1,7,first
290536,5,5,first
291159,6,6,best
400000,2,1,first
276139,5,6,first
155232,1,9,best
400000,4,1,best
304667,7,4,best
185997,2,7,first
320296,4,3,best
217653,2,6,first
200836,3,8,best
246818,2,8,best
199113,1,10,best
320114,6,5,best
262993,4,8,best
198357,2,9,best
384654,6,3,best
386148,3,2,first
305382,2,2,first
304755,7,5,best
320048,5,4,first
290277,6,4,first
400000,1,1,first
218699,1,9,first
320980,11,4,best
337435,7,3,first
320073,9,5,best
304956,6,6,first
320214,10,4,best
400000,3,1,first
232260,2,8,first
305206,7,6,best
246887,3,7,best
386156,8,3,best
274900,5,8,best
320070,8,5,best
320205,8,4,best
320112,3,3,first
218053,3,8,first
400000,5,2,best
306346,4,6,first
290969,4,7,best
400000,4,1,first
400000,6,1,best
400000,5,1,best
214610,2,9,first
400000,6,2,best
400000,4,2,first
320165,10,5,best
320179,4,3,first
258881,3,9,best
320325,5,3,first
320052,9,4,best
263780,4,8,first
400000,9,2,best
338270,9,3,best
204382,1,10,first
259991,4,9,best
400000,8,2,best
261618,3,7,first
292709,7,8,best
320110,7,4,first
187219,1,11,best
323259,6,3,first
304927,11,6,best
169554,1,12,best
304580,7,6,first
320043,8,6,best
306010,5,8,first
290044,6,7,best
325649,12,4,best
291537,7,7,best
370728,10,3,best
306329,5,7,best
320926,11,4,first
400000,7,1,best
320057,9,5,first
321896,13,4,best
304416,7,5,first
306125,8,8,best
173008,2,11,best
384217,8,3,first
305784,12,6,best
400000,7,2,best
320076,8,5,first
305918,6,5,first
320046,9,6,best
320512,10,4,first
231909,3,10,best
400000,6,1,first
400000,5,1,first
400000,10,1,best
278670,7,8,first
233469,2,10,best
400000,6,2,first
304793,4,7,first
400000,8,1,best
229976,1,12,first
320742,11,6,first
385979,16,3,best
320261,10,5,first
275102,4,9,first
400000,13,3,best
321677,6,8,best
278146,9,8,best
400000,14,3,best
384026,11,3,best
217386,1,13,best
292901,3,9,first
320834,5,9,best
304534,10,6,best
400000,8,2,first
320727,8,4,first
400000,9,2,first
369899,9,3,first
400000,12,3,best
173823,1,11,first
400000,10,2,best
320020,8,6,first
277431,5,7,first
320030,11,5,best
263425,2,11,first
320251,8,7,best
324081,12,4,first
384297,10,3,first
400000,9,1,best
321790,14,5,best
385420,16,4,best
320468,13,6,best
400000,5,2,first
400000,7,2,first
248119,1,14,best
400000,15,3,best
261432,8,8,first
321505,15,5,best
400000,18,3,best
386344,13,3,first
321169,11,8,best
322976,10,8,best
320423,7,7,first
321039,16,6,best
306775,6,9,best
320630,12,6,first
338782,17,4,best
320154,9,4,first
320038,9,6,first
325296,13,4,first
400000,7,1,first
320507,13,5,best
306241,6,7,first
400000,13,1,best
306327,9,8,first
400000,12,1,best
306508,5,9,first
384537,11,2,best
322396,9,7,best
400000,12,2,best
291071,8,9,best
371154,15,4,best
231896,3,10,first
320102,11,5,first
245118,4,11,best
371154,11,3,first
247061,2,10,first
277472,3,11,best
305021,10,6,first
385221,14,3,first
400000,13,2,best
369234,19,4,best
356311,12,3,first
219515,2,12,best
384345,20,3,best
320773,15,6,best
322667,10,7,best
320844,7,9,best
321938,11,7,best
321349,17,5,best
400000,10,2,first
230981,1,14,first
400000,21,3,best
385727,20,4,best
261373,1,13,first
321275,15,5,first
262807,2,13,best
400000,14,2,best
321197,13,6,first
400000,14,1,best
400000,16,4,first
385996,18,4,best
322767,14,8,best
400000,16,2,best
305981,6,8,first
400000,11,1,best
232158,3,12,best
400000,10,1,first
320830,16,5,best
400000,15,3,first
400000,16,3,first
320733,13,8,best
275826,5,11,best
400000,19,3,best
323365,19,6,best
400000,8,1,first
371136,22,3,best
306941,11,8,first
321954,12,7,best
321279,15,7,best
264498,6,11,best
400000,12,1,first
320253,13,5,first
249014,1,15,best
322374,16,6,first
321987,16,8,best
354325,15,4,first
339311,15,8,best
323246,18,6,best
400000,18,3,first
291315,4,10,best
320867,8,9,first
320410,12,5,best
306925,8,7,first
307931,10,9,best
321543,14,7,best
400000,20,2,best
400000,9,1,first
321466,9,9,best
308293,9,7,first
400000,17,2,best
250323,2,12,first
322077,14,5,first
400000,24,3,best
400000,13,2,first
400000,11,2,first
400000,18,2,best
400000,13,1,first
307519,11,7,first
277232,2,14,best
320858,18,5,best
400000,19,2,best
400000,25,3,best
291703,7,9,first
307682,6,9,first
384781,21,4,best
322733,13,7,best
369977,22,4,best
384750,21,3,first
321165,10,8,first
400000,23,3,best
386299,17,4,first
233677,4,13,best
400000,23,4,best
323739,20,6,best
386359,20,3,first
291341,4,11,first
292479,2,16,best
369710,14,4,best
400000,14,2,first
263299,1,17,best
320092,14,6,best
277966,3,11,first
400000,24,4,best
307794,14,8,first
262206,3,14,best
385338,17,3,best
400000,16,1,best
400000,11,1,first
323439,17,8,best
400000,16,2,first
322294,13,8,first
234927,1,15,first
384943,12,2,first
322092,17,5,first
323634,16,5,first
321571,4,14,best
306078,1,16,best
337882,19,6,first
400000,27,3,best
400000,15,1,best
261012,4,10,first
306890,5,10,best
323817,19,5,best
400000,17,1,best
400000,14,1,first
221447,2,13,first
323742,21,6,best
290249,3,13,best
355325,19,4,first
291768,2,15,best
339992,19,8,best
320798,10,7,first
320750,15,6,first
322279,17,6,best
296304,12,7,first
280194,3,16,best
320506,12,9,best
291414,5,11,first
341512,24,5,best
307043,9,9,first
384794,20,4,first
338169,18,8,best
340516,18,6,first
338075,20,5,best
324094,21,5,best
324129,17,7,best
400000,18,1,best
385896,28,3,best
385985,30,3,best
400000,20,2,first
278109,12,8,best
323166,18,5,first
400000,18,4,first
306079,3,12,first
371946,21,4,first
325419,14,7,first
236084,5,14,best
400000,26,3,best
320192,12,5,first
309132,15,8,first
385207,19,3,first
291712,1,18,best
247717,4,12,best
294618,10,9,first
216564,4,14,first
400000,22,4,first
400000,22,3,first
369699,24,4,first
369759,28,4,best
400000,25,3,first
291352,2,17,best
324308,15,7,first
354293,23,4,first
234091,3,14,first
384946,14,4,first
290963,6,11,first
400000,21,2,best
306200,8,11,best
400000,15,2,best
292487,5,13,best
320433,14,6,first
323258,21,8,best
260414,5,16,best
307706,11,9,best
400000,18,2,first
321688,14,9,best
276358,1,17,first
307845,17,8,first
322361,23,5,best
400000,16,1,first
322325,16,8,first
320692,20,6,first
338578,20,7,best
306980,13,7,first
400000,26,4,best
293831,4,16,best
322697,16,9,best
400000,25,2,best
400000,20,1,best
295119,5,10,first
322300,22,8,best
400000,17,2,first
369354,27,4,best
400000,21,1,best
322491,16,7,best
274441,5,14,first
305001,3,15,best
321936,17,6,first
307017,1,16,first
325219,21,7,best
386328,24,3,first
290118,2,16,first
400000,27,2,best
400000,22,1,best
308851,2,14,first
400000,23,2,best
324881,18,7,best
291843,5,15,best
385174,30,4,best
337563,13,9,best
337909,19,8,first
292218,3,13,first
337556,25,6,best
400000,19,2,first
400000,24,2,best
340150,24,5,first
291825,7,13,best
385600,27,3,first
356373,19,5,first
293012,7,11,best
400000,26,2,best
400000,17,1,first
306446,6,10,best
293854,4,15,best
305766,5,12,best
341872,23,6,best
327484,20,8,best
323843,26,6,best
246544,1,19,best
290792,4,13,first
400000,23,3,first
340775,17,7,first
400000,31,3,best
291723,6,16,best
277185,5,16,first
309062,17,9,best
324171,22,6,best
291197,2,17,first
400000,30,3,first
277999,6,14,best
292760,9,11,best
400000,17,3,first
249142,4,12,first
322116,6,13,best
261387,9,14,best
354132,30,5,best
358119,26,5,best
370804,29,5,best
400000,34,3,best
385137,28,5,best
321245,19,7,best
321267,12,9,first
400000,28,4,first
292474,8,11,first
400000,35,4,best
400000,23,1,best
323338,18,9,best
338020,25,7,best
369854,36,4,best
400000,15,1,first
371622,25,4,best
276314,3,17,best
323111,18,8,first
400000,24,1,best
400000,21,2,first
325494,24,7,best
322940,21,8,first
321110,8,10,best
291059,3,16,first
324898,21,6,first
309131,2,15,first
322603,12,8,first
304639,8,16,best
400000,34,4,best
292101,5,15,first
400000,25,2,first
384459,32,6,best
339863,28,6,best
400000,29,2,best
323713,27,8,best
292767,6,12,best
277909,14,9,first
321920,7,14,best
339830,27,7,best
384240,31,4,best
324204,20,7,first
322253,23,7,best
400000,21,1,first
322442,16,9,first
307884,4,15,first
337406,22,8,first
339959,21,5,first
247142,6,15,best
353788,31,6,best
306829,4,17,best
370843,33,5,best
400000,28,3,first
400000,18,1,first
279762,7,16,best
323185,9,10,best
292382,5,13,first
293551,10,11,best
400000,37,3,best
337363,28,7,best
340146,31,5,best
292566,12,11,best
369891,25,5,best
400000,31,2,best
305923,6,13,first
262694,5,12,first
307608,7,12,best
321504,7,13,first
308186,1,18,first
307906,23,8,best
356209,23,6,first
400000,26,3,first
308179,6,10,first
400000,32,3,best
400000,26,2,first
307672,11,9,first
400000,39,3,best
352430,23,5,first
384142,30,4,first
384157,34,5,best
400000,37,4,best
400000,30,2,best
400000,15,2,first
321046,13,9,first
400000,27,4,first
400000,20,1,first
321896,10,13,best
340604,29,6,best
400000,23,1,first
400000,28,1,best
400000,24,2,first
400000,22,1,first
322924,11,10,best
322986,9,12,best
370493,26,4,first
306559,3,15,first
400000,26,1,best
400000,34,3,first
369112,25,8,best
320836,4,16,first
320592,9,14,first
276332,6,14,first
322658,29,8,best
400000,27,2,first
369842,25,4,first
372672,26,5,first
320711,9,11,first
324808,18,7,first
306409,13,11,best
275667,5,17,best
305038,1,19,first
400000,24,1,first
356491,38,6,best
340093,24,7,first
321880,21,9,best
304623,8,15,best
353542,28,8,best
338009,22,6,first
370876,35,4,first
307347,8,13,best
400000,23,2,first
400000,32,1,best
384003,36,3,best
339633,25,6,first
306998,10,10,best
325847,23,7,first
320720,8,12,best
356054,33,6,best
368692,29,5,first
323366,21,7,first
400000,22,2,best
386384,36,4,first
322326,18,9,first
291384,6,16,first
340146,32,8,best
384236,34,4,first
291683,10,16,best
322432,20,8,first
294928,7,15,best
384740,22,5,best
352497,35,5,best
322155,17,9,first
321852,15,9,best
339176,32,6,first
338418,29,6,first
337967,26,6,first
400000,30,1,best
323509,35,8,best
400000,33,2,best
307851,8,10,first
400000,31,4,first
322436,31,8,best
320322,10,11,first
384045,39,4,best
320193,7,11,first
324641,31,7,best
274878,2,18,best
400000,29,3,best
321516,11,16,best
400000,39,3,first
325656,30,7,best
321174,16,7,first
352889,29,7,best
369561,25,5,first
306629,8,16,first
323047,33,7,best
353520,36,6,best
320814,9,16,best
304912,7,10,best
370495,33,5,first
293003,3,17,first
291656,11,13,best
278297,10,14,first
320689,6,12,first
323619,19,7,first
306373,4,17,first
308629,9,13,best
368725,31,5,first
400000,31,2,first
400000,37,2,best
324673,28,7,first
400000,34,1,best
306168,14,11,best
400000,38,1,best
353630,34,6,first
368691,29,4,best
400000,37,3,first
400000,33,1,best
370964,40,4,best
400000,35,1,best
337150,25,7,first
400000,32,2,best
274798,5,17,first
327527,37,6,best
324122,29,8,first
321515,13,13,best
307407,7,14,first
321454,14,13,best
320551,11,10,first
322571,30,8,best
321992,23,9,best
400000,29,2,first
321751,6,17,best
322854,7,12,first
370433,28,5,first
305697,12,14,best
321798,9,12,first
384686,36,7,best
322266,20,9,best
320918,11,11,first
400000,26,1,first
400000,30,2,first
322915,12,11,first
400000,31,1,best
384351,30,5,first
400000,31,3,first
400000,36,1,best
386264,37,4,first
322748,10,16,first
400000,19,1,best
354016,25,8,first
370025,27,5,best
323353,36,8,best
400000,28,2,best
322311,12,10,best
321928,34,8,best
370927,36,5,best
339659,26,9,best
400000,36,3,first
400000,32,3,first
306743,11,15,best
320416,28,8,first
400000,32,1,first
323601,11,12,best
400000,33,4,first
323706,22,7,best
324429,6,15,first
324420,27,8,first
400000,39,2,best
322752,19,9,best
337907,34,7,best
324899,8,14,first
368808,40,6,best
337427,24,9,best
320989,13,10,best
321006,27,7,first
307210,2,19,best
321524,9,15,best
307620,9,10,first
290053,10,13,first
352902,31,6,first
322034,10,10,first
321706,13,14,best
354894,28,6,first
277121,11,13,first
323357,25,9,best
385214,40,5,best
339218,19,11,best
306907,11,14,best
353723,32,8,first
384340,29,4,first
322149,15,9,first
321649,15,11,best
400000,25,1,best
355669,22,5,first
323430,24,6,best
320742,7,15,first
323174,14,16,best
324834,35,8,first
400000,28,1,first
355206,38,6,first
325126,33,7,first
400000,33,2,first
320578,9,13,first
400000,22,2,first
400000,29,3,first
308908,16,11,best
293553,12,15,best
400000,34,1,first
400000,36,2,best
307830,12,13,best
306484,7,17,best
322096,11,16,first
354721,39,5,best
370635,38,5,best
320378,14,10,best
400000,40,2,best
321341,7,16,first
322338,20,11,best
400000,34,2,best
278373,14,11,first
400000,35,1,first
322016,21,9,first
321517,23,8,first
290460,10,17,best
322118,1,21,best
322042,15,10,best
322120,10,15,best
337187,12,16,best
322352,14,14,best
321447,12,12,best
306875,15,13,best
321418,11,17,best
369457,32,4,best
307491,3,18,best
321045,17,11,best
353935,39,6,best
321036,8,15,first
400000,37,1,best
354260,34,5,first
321697,9,17,best
306778,2,21,best
384533,32,5,best
339173,29,7,first
400000,35,3,best
322716,23,9,first
339093,38,8,best
340895,31,8,first
279352,8,13,first
400000,38,3,best
400000,37,2,first
276535,3,19,best
321537,27,6,best
321816,1,20,best
400000,32,2,first
324204,28,9,best
320802,16,13,best
339203,31,7,first
400000,30,1,first
306582,7,10,first
307262,13,16,best
343157,40,4,first
305265,2,19,first
276779,12,14,first
321494,17,10,best
400000,19,1,first
305343,20,9,first
400000,27,1,best
308324,13,12,best
337873,33,6,first
400000,40,1,best
325862,26,7,best
354485,40,6,first
353857,37,8,best
324005,21,11,best
292447,8,12,first
305551,9,16,first
322318,13,11,first
400000,33,1,first
355191,36,7,first
338529,36,8,first
356835,38,7,best
306876,10,12,best
400000,39,2,first
337199,29,9,best
322023,25,9,first
400000,38,4,best
320755,30,6,best
326450,34,8,first
309055,3,21,best
355861,36,5,first
400000,38,1,first
323443,14,13,first
400000,28,2,first
338922,27,9,best
400000,40,3,best
337087,30,8,first
306455,4,21,best
338287,22,11,best
337247,40,8,best
400000,33,3,best
324981,34,7,first
306673,8,17,best
336795,11,15,first
306329,1,23,best
400000,25,1,first
384085,37,6,first
320528,13,13,first
352969,39,7,best
370725,35,5,first
324636,20,13,best
320800,19,9,first
354198,40,7,best
336410,33,8,best
321799,1,22,best
323974,36,6,first
372142,39,4,first
321452,12,12,first
309241,16,10,best
321205,2,18,first
321964,18,16,best
322121,13,15,best
324325,31,9,best
352365,30,7,first
384499,27,5,first
293497,4,19,best
323820,22,7,first
400000,29,1,best
307485,15,14,best
323077,1,21,first
323576,16,16,best
306801,12,16,first
323003,22,13,best
368671,35,6,best
323820,26,8,best
337596,19,16,best
306463,18,13,best
306067,11,12,first
306866,14,14,first
282482,11,14,first
368932,39,6,first
307134,14,16,first
322006,15,11,first
323521,24,8,best
325420,33,9,best
385846,40,5,first
321883,24,9,first
321415,12,10,first
323148,18,10,best
305694,14,12,best
307714,3,18,first
320761,14,10,first
353172,27,6,first
323481,17,13,best
320962,9,15,first
308841,30,9,best
322418,26,9,first
355400,38,5,first
322552,24,11,best
306060,4,18,best
320751,19,10,best
306871,10,15,first
321072,22,9,best
321569,15,16,best
320786,23,13,best
307865,12,15,first
321135,17,10,first
400000,38,3,first
292300,10,12,first
323213,17,11,first
400000,40,2,first
337396,29,9,first
352999,32,5,first
400000,35,3,first
294704,2,21,first
307390,6,17,first
307668,15,12,best
321259,21,13,best
400000,31,1,first
306376,20,11,first
306477,11,17,first
288671,12,13,first
321506,13,14,first
353446,32,7,best
306708,3,19,first
322603,16,11,first
324226,22,10,best
321994,2,20,best
400000,36,2,first
384124,39,5,first
337123,19,14,best
322611,15,13,first
400000,27,1,first
307537,16,13,first
320662,13,10,first
400000,32,4,first
339130,40,7,first
293260,13,17,best
323036,26,7,first
307003,25,13,best
323900,35,9,best
321594,25,11,best
280305,4,21,first
339522,35,7,best
308633,15,15,best
400000,29,1,first
321569,1,22,first
320861,13,16,first
354309,37,8,first
321418,1,24,best
312130,40,8,first
321528,12,17,best
400000,38,2,best
324856,2,23,best
353479,38,7,first
322351,16,15,best
322326,28,9,first
324942,22,11,first
322895,16,14,best
353204,37,7,best
291401,3,21,first
323340,24,6,first
320300,5,19,best
321293,7,21,best
322396,14,15,best
307610,1,23,first
321640,17,16,best
308089,18,15,best
320445,19,11,first
324197,37,9,best
322838,20,16,best
400000,39,1,best
322579,20,13,first
400000,40,1,first
339457,21,11,first
341601,33,9,first
372350,37,5,best
322608,1,25,best
322343,16,10,first
320771,13,15,first
305664,4,19,first
400000,36,1,first
323988,22,16,best
320592,5,21,best
278391,6,21,best
400000,34,2,first
308068,15,14,first
322070,31,9,first
308390,9,17,first
322679,25,16,best
321261,7,17,first
323158,22,15,best
321234,17,12,best
321472,10,17,first
305372,19,10,first
309283,16,16,first
293380,21,16,best
400000,38,4,first
306574,24,13,best
322987,15,10,first
320762,19,16,first
400000,33,3,first
323690,33,8,first
309004,24,11,first
291620,2,22,best
322196,21,10,best
400000,37,1,first
325167,24,10,best
313078,8,17,first
309754,1,20,first
338387,38,8,first
326236,38,9,best
321001,22,13,first
320726,14,12,first
320585,19,12,best
307831,16,12,best
320711,18,11,best
321985,27,13,best
323542,21,15,best
292470,9,21,best
321345,32,7,first
307236,6,18,best
324282,29,13,best
322867,20,15,best
323344,10,21,best
320637,32,13,best
321312,18,16,first
323472,30,13,best
336263,26,13,best
339867,30,6,first
321857,14,17,best
306355,21,13,first
324503,21,14,best
340822,36,9,best
320283,3,25,best
323173,2,20,first
322767,26,8,first
321217,26,11,best
369922,40,3,first
320936,13,12,first
322170,27,11,best
321162,18,13,first
307109,18,14,best
324662,27,9,first
321866,18,12,best
340960,40,9,best
320880,20,12,best
400000,38,2,first
307815,8,21,best
322932,24,8,first
339982,31,11,best
321755,15,17,best
307052,3,20,best
321878,33,11,best
322187,7,19,best
305833,2,25,best
340949,23,15,best
342608,30,9,first
337942,25,14,best
321963,15,16,first
307904,6,19,best
306964,24,16,best
322316,25,15,best
321227,4,20,best
276845,2,24,best
321097,30,10,best
353527,39,7,first
321802,25,10,best
322435,3,23,best
400000,39,1,first
307789,15,15,first
321014,18,15,first
321451,15,12,first
308615,3,22,best
291949,7,21,first
307560,17,13,first
339710,35,9,first
307156,12,21,best
338927,24,15,best
322946,9,19,best
336148,34,9,best
354722,35,6,first
305948,5,19,first
323632,27,16,best
307321,1,26,best
321147,23,13,first
322854,16,14,first
321851,19,14,first
321119,2,23,first
294091,7,18,best
321257,23,11,best
320885,26,10,best
308536,12,17,first
322172,16,17,best
303360,22,9,first
308630,6,21,first
308415,5,22,best
308262,28,13,best
321981,17,16,first
307774,4,25,best
337162,19,15,best
322471,24,13,first
321747,27,10,best
323103,16,15,first
325202,29,11,best
324563,26,14,best
323130,4,23,best
355430,38,9,first
368785,37,5,first
322157,19,12,first
322910,5,18,best
307732,29,16,best
341260,34,11,best
322326,18,10,first
292399,6,23,best
322903,26,15,best
322207,23,14,best
306299,1,24,first
277501,23,17,best
321929,29,15,best
307529,5,20,best
308724,28,16,best
320576,27,13,first
321444,20,15,first
307309,4,22,best
320589,13,17,first
321403,25,16,first
322214,24,14,best
339652,20,16,first
309476,26,16,best
321757,17,12,first
305627,4,18,first
307790,16,12,first
307781,6,18,first
323579,25,13,first
321459,20,10,best
338650,27,15,best
320655,35,11,best
339983,30,11,best
338643,22,10,first
323434,6,22,best
355158,33,13,best
320888,7,22,best
339532,22,15,first
307049,8,19,best
307630,1,25,first
323816,34,13,best
338590,36,13,best
339125,24,10,first
369190,37,7,first
277445,8,21,first
292655,9,22,best
324796,32,13,first
322321,28,10,best
306696,5,25,best
308534,29,13,first
306257,34,16,best
291744,4,20,first
325095,20,17,best
336926,25,14,first
323514,14,17,first
323436,2,25,first
306516,1,26,first
323608,40,9,first
400000,35,2,best
338627,29,10,best
339988,30,13,first
322147,23,15,first
321508,6,20,best
322945,21,16,first
322042,8,20,best
322850,26,11,first
320877,7,19,first
323351,25,15,first
323117,9,21,first
320424,26,12,best
323221,35,7,first
321338,19,13,best
321789,3,25,first
339375,40,13,best
354634,31,11,first
307166,10,19,best
337506,25,11,first
322981,22,16,first
323758,10,20,best
276479,2,24,first
338149,26,10,first
323209,3,23,first
323286,11,21,best
324528,36,9,first
322481,20,12,first
326452,37,9,first
308461,11,20,best
322228,30,10,first
306099,2,22,first
307353,30,15,best
336778,28,15,best
322442,22,12,best
321764,3,22,first
306291,26,15,first
322078,18,17,best
290860,9,20,best
354567,33,11,first
322574,32,9,best
291214,1,27,best
320986,4,25,first
322183,15,17,first
310339,19,17,best
305660,7,18,first
323716,12,21,first
320351,4,23,first
322881,26,14,first
293748,1,29,best
324987,25,10,first
321482,18,11,first
321336,21,14,first
321495,25,17,best
324498,37,11,best
325156,13,21,best
322231,23,12,best
310674,14,21,best
306733,28,13,first
308692,10,21,first
307184,9,19,first
322614,5,23,best
321629,5,21,first
323231,39,13,best
308727,17,14,best
325051,26,13,first
323393,18,12,first
307236,27,11,first
308236,24,16,first
324619,23,14,first
323491,14,15,first
322663,21,17,best
322663,33,10,best
305393,7,20,best
306893,26,17,best
325204,39,8,best
322655,19,15,first
324292,29,11,first
321952,39,9,best
336288,1,31,best
320648,37,16,best
276325,7,23,best
321093,9,18,best
321170,16,17,first
321357,8,25,best
292348,9,22,first
320681,6,23,first
322543,27,10,first
320714,8,22,best
322224,30,12,best
324003,32,10,best
322120,21,15,first
324741,11,18,best
337091,27,15,first
322667,31,16,best
324939,29,15,first
324440,34,9,first
323626,4,22,first
292074,2,26,best
322263,18,14,first
321878,10,18,best
310993,23,10,best
307282,27,17,best
307465,28,17,best
322252,1,28,best
339064,37,13,best
321447,5,20,first
322803,35,16,best
323912,21,10,first
278917,8,18,best
294029,7,22,first
323190,23,17,first
322431,29,16,first
292690,4,24,best
324100,3,20,first
307959,5,24,best
307995,2,27,best
322445,5,22,first
233459,6,24,best
321663,3,24,best
336786,33,15,best
339079,33,16,best
321586,12,19,best
339178,29,14,best
291692,8,19,first
320976,34,15,best
322142,6,22,first
322027,10,22,best
323574,36,15,best
322594,2,28,best
325224,36,13,first
323859,12,18,best
323130,24,12,best
322508,1,30,best
308983,24,17,best
322304,31,17,best
325378,28,16,first
323750,36,11,best
320881,31,10,best
320701,31,13,best
340981,13,20,best
323808,8,24,best
323917,12,20,best
322921,15,21,best
338184,39,11,best
307476,29,17,best
321194,34,11,first
339200,24,15,first
325248,32,15,best
324774,35,11,first
400000,35,2,first
292024,9,25,best
305000,11,22,best
324952,38,13,best
320652,5,25,first
321243,20,14,best
294129,10,20,first
322798,20,17,first
324839,37,11,first
338539,14,20,best
309686,11,25,best
323048,28,15,first
321272,36,16,best
306529,1,33,best
323823,30,11,first
320544,20,10,first
337371,1,32,best
354835,17,21,best
322614,27,16,first
323899,2,30,best
323436,8,23,best
354942,37,15,best
307796,6,19,first
308413,18,21,best
322162,6,20,first
340935,40,11,best
307200,7,25,best
307751,3,27,best
321115,34,16,first
294732,16,21,best
324311,32,12,best
310236,9,20,first
338531,26,17,first
321416,2,33,best
353783,34,10,best
321095,12,22,best
308165,28,14,best
308641,2,29,best
306296,28,11,best
306861,25,17,first
324275,23,16,best
324514,2,31,best
323800,3,33,best
337156,35,17,best
321424,6,25,best
336509,30,15,first
338418,11,20,first
320923,14,18,best
337433,32,11,best
322731,28,10,first
322463,19,17,first
309101,3,26,best
322072,17,15,best
310790,1,36,best
305807,1,31,first
338110,29,10,first
308238,15,20,best
336482,27,12,best
321003,8,18,first
321201,29,12,best
305892,33,13,first
323064,37,16,first
338412,40,13,first
323805,26,16,first
322748,23,11,first
325339,13,22,best
321733,18,17,first
295296,8,20,first
339045,1,29,first
356070,17,20,best
340912,14,21,first
309708,1,28,first
309683,7,20,first
321609,4,27,best
352340,36,10,best
323228,33,17,best
370230,36,15,first
321247,21,12,best
320170,24,14,first
322021,10,19,first
323410,33,10,first
322730,17,14,first
325833,39,9,first
311036,2,34,best
310471,32,14,best
309130,16,18,best
309479,1,35,best
337409,32,10,first
305867,11,23,best
321097,3,24,first
322637,30,16,best
339993,39,8,first
321705,16,19,best
322717,32,9,first
322920,17,17,best
323363,31,16,first
323015,23,10,first
321836,38,11,best
338964,15,21,first
275577,1,30,first
322478,35,16,first
294957,9,25,first
291912,2,36,best
308369,15,18,best
279077,1,27,first
308850,40,15,best
338091,13,25,best
321233,36,17,best
308901,27,17,first
321245,23,12,first
322061,10,23,best
320343,26,12,first
306985,3,28,best
339000,16,20,best
306983,5,18,first
308351,31,13,first
322822,40,10,best
322393,32,17,best
309132,8,22,first
355249,20,20,best
370341,31,14,best
323387,9,18,first
291566,11,18,first
309509,24,12,first
340774,2,28,first
322151,22,14,best
325211,1,34,best
321628,10,22,first
309973,4,33,best
324023,11,21,first
321286,3,30,best
310691,6,24,first
322818,34,17,best
306301,12,19,first
320434,7,24,best
321723,30,17,best
321818,34,15,first
322864,4,31,best
323353,6,33,best
310332,37,17,best
307195,19,13,first
306477,10,18,first
324815,1,33,first
339240,18,22,best
321193,22,12,first
309547,3,32,best
321358,13,19,best
294106,1,37,best
336582,38,10,best
321522,30,12,first
339319,19,21,best
307092,10,25,best
324101,12,18,first
322672,16,21,first
321018,15,22,best
320553,2,26,first
337853,36,11,first
337838,2,32,best
321037,9,23,best
322323,20,21,best
323910,5,33,best
324131,38,13,first
291645,4,24,first
324417,12,25,best
310408,11,25,first
324775,8,33,best
277868,3,26,first
324753,14,20,first
322874,20,14,first
341014,8,25,first
306810,28,17,first
338014,34,13,first
305874,8,23,first
371159,39,16,best
306933,29,14,first
336346,17,22,best
325381,3,31,best
321944,9,24,best
323546,27,14,best
322651,4,28,best
370645,37,15,first
340267,18,21,first
321147,5,27,best
322138,14,19,best
264046,2,30,first
308335,7,25,first
306496,13,22,first
322546,40,11,first
322335,33,16,first
339479,19,20,best
322004,37,10,best
322321,24,17,first
321775,37,13,first
321648,31,17,first
321508,21,17,first
324702,38,15,best
323331,17,21,first
337716,21,20,best
322645,2,33,first
338500,31,15,best
307711,23,20,best
321719,32,12,first
323267,36,16,first
324490,4,32,best
322897,34,14,best
337643,14,18,first
340735,13,21,first
323488,38,17,best
322341,4,30,best
308161,9,33,best
323123,28,14,first
322670,3,29,best
311033,1,32,first
306639,2,29,first
293791,3,33,first
324879,39,10,best
338299,13,20,first
324030,32,11,first
323002,23,16,first
305857,4,29,best
307262,2,27,first
320716,14,22,best
339721,34,10,first
338206,36,10,first
339494,2,31,first
307090,3,27,first
309137,12,20,first
338027,5,31,best
322599,34,12,best
322080,27,12,first
323654,7,33,best
321331,12,22,first
323143,17,19,best
323151,24,20,best
309538,21,21,best
308041,17,18,best
309854,18,20,best
338462,33,15,first
322707,10,24,best
352827,39,11,first
336620,35,17,first
323733,15,20,first
292065,1,36,first
307735,11,22,first
321570,18,18,best
357209,8,24,first
322900,33,12,best
324780,38,16,best
307216,6,25,first
337102,16,22,best
320140,29,12,first
322875,33,14,best
324063,30,16,first
324266,10,33,best
320335,33,17,first
324014,3,36,best
321245,39,13,first
322300,29,17,first
338517,32,14,first
357759,31,14,first
322594,40,15,first
307105,10,23,first
323810,35,12,best
291491,19,19,best
321179,15,19,best
328504,3,28,first
311648,6,31,best
323053,37,12,best
322479,5,23,first
338215,11,24,best
324538,35,15,best
339000,35,14,best
279455,7,27,best
322162,11,19,best
323285,36,12,best
321703,28,11,first
323320,13,25,first
296391,2,36,first
354049,19,22,best
325025,17,20,first
322123,16,19,first
322286,7,23,first
295618,7,31,best
308556,5,34,best
369236,3,32,first
341468,40,10,first
306505,11,23,first
311350,2,37,best
320905,4,27,first
307173,13,18,best
310485,1,34,first
294074,5,24,first
323748,18,19,best
308101,25,12,best
322661,6,27,best
321320,17,17,first
342053,2,34,first
280023,5,36,best
339714,39,17,best
340617,38,11,first
323674,38,12,best
337449,31,10,first
322526,22,18,best
309317,5,26,best
309694,12,25,first
322929,16,18,first
326843,22,21,best
339510,4,34,best
337396,4,36,best
320770,15,18,first
324775,16,20,first
354123,1,39,best
338760,13,24,best
340852,21,22,best
337720,32,16,best
337204,36,17,first
323778,30,17,first
322180,8,31,best
321104,12,24,best
294851,4,31,first
339091,16,25,best
355197,37,17,first
337465,2,32,first
323500,40,12,best
324972,20,21,first
325349,14,25,best
323944,20,20,first
308728,6,33,first
323277,17,24,best
338536,40,17,best
306693,4,37,best
339185,38,14,best
323673,15,22,first
321778,19,18,best
309768,12,23,best
323004,6,30,best
308610,5,29,best
321501,22,14,first
308124,3,31,first
324973,37,14,best
295530,1,38,best
295342,1,37,first
370917,34,14,first
308568,4,26,best
290787,12,33,best
322608,4,30,first
324245,4,28,first
307903,1,35,first
282170,11,33,best
306695,3,29,first
307920,9,23,first
297436,7,30,best
368879,22,20,best
320847,21,12,first
322063,32,17,first
368487,40,14,best
340662,28,21,best
323742,18,22,first
323468,17,15,first
323874,5,27,first
307676,29,20,best
338679,26,21,best
338815,21,18,best
291270,8,33,first
338791,24,21,best
324094,39,16,first
355966,14,24,best
324156,13,19,first
320992,14,19,first
340305,32,15,first
324312,38,17,first
338491,20,18,best
323093,3,30,first
324202,23,21,best
322460,3,37,best
308456,5,33,first
324292,15,24,best
337736,5,31,first
321236,31,15,first
320987,20,22,best
323563,38,15,first
338676,30,21,best
308222,13,33,best
321110,10,31,best
322957,6,29,best
339140,24,22,best
277428,9,27,best
324687,30,20,best
307246,25,20,best
322419,5,30,best
305979,14,22,first
322322,35,14,first
322025,31,12,best
337127,22,22,best
321235,7,24,first
341599,16,24,best
321600,7,29,best
323200,4,33,first
321400,20,25,best
322111,8,27,best
323221,35,12,first
325230,3,34,best
324387,25,21,best
322650,6,31,first
322275,27,20,best
309320,16,33,best
326636,28,20,best
324299,10,24,first
338487,35,13,best
308470,4,29,first
323562,10,27,best
306724,17,18,first
337836,23,18,best
324048,7,33,first
309124,32,21,best
338272,36,12,first
324651,19,21,first
340174,17,25,best
323920,35,10,best
308742,5,37,best
338530,39,10,first
306946,7,28,best
308169,34,17,first
321301,28,12,best
275069,7,27,first
304948,17,19,first
291641,15,33,best
310153,21,19,best
323358,6,26,best
324386,37,10,first
326223,18,25,best
294169,5,34,first
321120,26,20,best
309363,22,19,best
325257,6,34,best
323409,22,25,best
323540,19,25,best
323428,2,37,first
323583,11,24,first
321961,23,20,first
354774,16,22,first
322593,18,18,first
323554,22,17,best
322886,10,30,best
309260,10,36,best
297790,6,28,best
336484,34,12,first
338562,18,24,best
309442,6,32,best
323203,37,12,first
340976,5,26,first
338820,38,10,first
339721,25,22,best
305632,33,12,first
321071,4,36,first
355593,38,16,first
337124,2,39,best
320680,15,19,first
341427,35,15,first
293205,8,34,best
322315,27,14,first
323371,38,12,first
339536,36,21,best
322561,8,30,best
338412,10,25,first
321456,13,23,best
295420,13,27,best
338410,22,18,first
325102,15,23,best
322161,19,19,first
307371,9,33,first
322820,7,31,first
338357,9,30,best
323145,16,23,best
294137,20,23,best
338252,5,28,best
309515,11,31,best
322185,23,25,best
337705,17,22,first
339328,6,30,first
306937,1,39,first
338865,32,20,best
321084,31,20,best
325115,25,18,best
307800,21,21,first
340783,40,17,first
305704,9,36,best
295741,4,32,first
306922,11,33,first
322751,24,18,best
307568,14,23,best
324804,23,22,best
326427,18,20,first
339983,12,27,best
324627,16,25,first
354339,15,25,best
339740,11,19,first
310743,19,20,first
321646,21,20,first
307825,4,34,first
312341,14,25,first
262885,7,37,best
355936,38,14,first
337112,9,31,best
338503,26,25,best
353428,28,18,best
310739,7,32,best
322978,24,25,best
322992,26,18,best
325319,6,36,best
324664,12,24,first
357043,14,24,first
307628,34,21,best
293422,17,24,first
340936,10,33,first
337974,19,22,first
322762,30,14,best
324453,39,17,first
322275,21,25,best
308753,9,28,best
309790,13,24,first
337081,21,22,first
293777,21,24,best
308824,7,36,best
322311,9,29,best
307825,14,33,best
322821,10,27,first
324701,25,21,first
400000,12,33,first
322606,8,36,best
278112,8,28,best
325554,7,30,first
338369,40,12,first
307890,4,26,first
323491,2,35,best
278136,1,38,first
339471,32,16,first
322901,4,37,first
278284,5,30,first
321640,25,12,first
308272,35,21,best
307661,6,27,first
321143,31,12,first
323804,8,27,first
322556,33,20,best
339992,40,14,first
324988,7,26,best
321397,16,33,first
324199,37,21,best
325599,24,20,first
307774,5,36,first
320608,18,19,first
306343,23,21,first
370933,30,22,best
308577,22,17,first
292136,6,37,best
322824,25,19,best
322971,19,24,best
320866,22,21,first
337206,13,31,best
321418,22,20,first
321649,20,18,first
326188,5,29,first
323554,19,23,best
295980,9,27,first
323976,7,34,best
322535,27,22,best
292972,38,21,best
323381,39,21,best
322423,3,37,first
295360,10,29,best
356651,29,20,first
353463,13,30,best
339173,12,30,best
320569,24,21,first
307257,8,31,first
311748,22,22,first
320732,17,23,best
321544,17,33,best
353976,30,20,first
339121,19,33,best
321018,11,27,best
309309,18,33,best
325054,10,30,first
321854,19,18,first
307556,13,33,first
385366,34,20,best
308223,4,39,best
321457,36,14,best
354853,28,21,first
321146,25,20,first
310150,8,26,best
323394,3,36,first
308397,39,15,best
321829,26,21,first
326307,3,34,first
324383,20,33,best
339548,21,23,best
338112,37,20,best
325316,29,22,best
320519,30,18,best
322898,5,32,best
337203,27,20,first
323562,15,33,first
322651,28,20,first
337746,14,27,best
323299,3,39,best
324780,33,14,first
308878,12,23,first
323384,12,31,best
321126,22,24,best
323078,8,29,best
353993,37,14,first
337993,35,10,first
296015,10,36,first
338240,11,30,best
353848,20,22,first
340531,23,23,best
326346,26,19,best
324794,3,35,best
323551,20,24,best
310122,18,24,first
293077,10,31,first
307329,25,25,best
337964,40,16,best
337703,17,25,first
305158,6,34,first
308274,9,26,best
321208,32,25,best
322138,13,18,first
306070,32,21,first
312253,39,20,best
324083,1,40,best
278768,14,31,best
340514,23,18,first
322169,22,19,first
292937,16,23,first
354848,26,22,best
309748,16,24,first
323336,8,37,best
325252,18,25,first
308812,28,18,first
339008,2,39,first
337407,35,20,best
309028,20,25,first
339924,25,22,first
337650,40,21,best
277141,5,37,first
322431,40,20,best
338552,23,24,best
342380,15,24,first
321611,7,28,first
337438,31,20,first
306543,29,25,best
301142,5,39,best
323849,27,18,best
320251,26,20,first
322367,6,29,first
323060,6,26,first
338556,22,23,best
324252,19,25,first
325701,11,31,first
336823,35,13,first
322530,28,25,best
338461,12,26,best
322231,29,18,best
339677,31,22,best
303741,15,25,first
309963,15,31,best
321065,12,36,best
370974,2,35,first
293322,6,36,first
293955,8,30,first
336890,39,12,best
356496,32,22,best
336889,25,33,best
307679,6,39,best
339131,23,22,first
320939,7,36,first
322221,9,24,first
337675,32,18,best
328218,25,18,first
322785,23,25,first
340155,27,19,best
309447,7,39,best
308199,15,23,first
321205,30,25,best
282884,10,29,first
324063,5,28,first
323572,13,34,best
307112,13,36,best
308821,22,25,first
354608,36,21,first
320662,17,31,best
307036,6,28,first
323171,10,34,best
323965,34,21,first
320622,20,19,best
324259,34,18,best
354550,12,27,first
336419,28,12,first
338159,12,29,best
339163,7,29,first
354892,30,21,first
324322,14,30,best
321917,9,31,first
336800,35,22,best
355506,24,25,first
321293,27,25,best
322232,11,37,best
308137,11,34,best
323960,24,23,best
306944,33,22,best
306306,8,34,first
323354,35,21,first
308446,11,36,best
322302,21,24,first
321839,36,14,first
322195,18,30,best
322726,26,24,best
337167,9,34,best
323380,3,38,best
340255,4,35,best
323520,23,33,best
291636,21,19,first
336761,25,24,best
338302,7,32,first
321958,24,24,best
292269,7,37,first
369322,24,22,first
323273,36,20,best
321998,19,23,first
338880,22,33,best
283539,9,29,first
322880,26,25,first
280247,9,36,first
321012,14,34,best
324140,36,18,best
311984,6,37,first
323273,27,22,first
323208,37,21,first
322139,8,32,best
306572,9,28,first
354184,33,18,best
338315,9,30,first
354390,16,30,best
306694,16,31,best
355014,30,19,best
320816,31,18,best
324169,38,21,first
355491,36,22,best
339403,26,33,best
321362,2,40,best
322864,18,31,best
322366,28,19,best
292946,3,39,first
294425,10,26,best
337073,40,16,first
337120,30,18,first
321632,11,26,best
306060,27,24,best
339782,17,27,best
353898,31,24,best
321600,11,28,best
309407,21,33,best
340818,25,19,first
339226,1,40,first
324943,27,33,best
337570,20,31,best
321231,4,39,first
306619,9,39,best
320843,22,23,first
298245,39,20,first
309666,20,23,first
323580,29,23,best
307331,20,24,first
309613,18,27,best
354466,18,33,first
323473,14,33,first
325244,13,27,first
324859,21,18,first
321848,19,31,best
324633,26,23,best
323689,35,20,first
293705,34,25,best
353777,29,33,best
307089,8,39,best
324036,2,38,best
324118,12,34,best
322092,7,34,first
340242,25,23,best
341069,37,20,first
338930,15,30,best
328294,34,22,best
356814,39,15,first
325221,19,33,first
306653,16,36,best
340668,5,32,first
322277,35,25,best
324051,27,23,best
323272,13,37,best
339153,19,27,best
338392,12,37,best
307436,26,18,first
294243,7,26,first
336959,21,31,best
321358,15,34,best
309874,6,39,first
326602,8,29,first
323936,32,25,first
309292,5,35,best
326086,16,27,best
338922,20,33,first
340738,23,23,first
308507,39,12,first
323517,25,25,first
325567,9,26,first
337902,37,25,best
309733,40,22,best
339906,17,23,first
325898,13,29,best
307660,12,31,first
325459,12,29,first
293286,37,22,best
324538,34,20,first
307366,3,40,best
308302,11,39,best
355816,21,23,first
322291,29,21,best
323078,20,19,first
353877,40,18,best
309071,24,23,first
322365,40,21,first
322065,14,36,best
325444,14,27,first
322126,23,24,first
321710,13,23,first
308820,13,34,first
324741,7,39,first
338981,10,34,first
290409,13,26,best
322879,29,25,first
323576,33,21,best
322313,18,30,first
310817,35,18,best
280702,7,35,best
324762,28,24,best
324722,22,27,best
337562,3,38,first
337965,11,30,first
324083,36,20,first
321440,33,23,best
338297,29,22,first
325094,14,29,best
323275,19,36,best
308624,10,32,best
305301,39,25,best
293498,6,35,best
338228,33,20,first
320961,22,24,first
323237,38,25,best
326975,17,36,best
321131,32,19,best
292149,24,24,first
321498,39,21,first
339544,35,22,first
325454,27,19,first
323732,23,31,best
324970,32,24,best
324123,36,24,best
338753,29,18,first
323309,30,22,first
291888,16,28,best
296426,8,32,first
326932,19,30,best
322522,31,22,first
321249,12,28,best
291615,33,22,first
322978,28,19,first
307983,27,25,first
321517,14,34,first
305731,12,26,first
293639,31,21,best
320682,35,24,best
339869,38,18,best
309290,9,37,first
321510,13,30,first
321692,17,33,first
321496,18,36,best
321642,33,24,best
309257,21,27,best
326259,40,20,first
339206,8,26,first
307162,10,26,first
322335,36,25,best
322422,11,34,first
322358,18,37,best
323023,24,33,best
354884,9,32,best
340835,22,36,best
321725,15,36,best
337556,34,18,first
322215,11,37,first
338918,32,18,first
306037,34,19,best
307466,14,31,first
339329,32,33,best
338583,25,33,first
323114,24,31,best
339843,16,37,best
320818,31,19,best
296561,28,33,first
339876,34,23,best
340501,15,27,first
354276,33,18,first
371671,22,33,first
339171,27,33,first
324425,12,34,first
323970,14,37,best
322848,30,25,first
292732,7,40,best
322464,13,39,best
294467,11,26,first
324570,39,14,first
321383,10,39,best
339266,20,27,best
324550,2,40,first
308597,16,30,first
337908,11,32,best
322172,21,26,best
321122,32,22,first
322778,29,24,best
321477,17,30,first
262264,30,33,first
325917,13,31,first
309240,18,26,best
292557,25,27,best
339562,18,29,best
323939,17,34,best
325111,31,23,best
340269,15,37,best
323600,37,19,best
340295,26,22,first
322353,17,26,best
324631,20,36,best
339929,11,29,best
322423,27,21,best
308142,13,32,best
295040,23,33,first
323094,4,38,best
321824,16,34,best
323126,25,24,first
322419,27,24,first
322930,12,39,best
320822,14,28,best
294771,26,27,best
337102,39,22,first
322373,22,30,best
294782,15,31,first
322674,26,23,first
306618,16,31,first
323469,9,35,best
321795,21,36,best
309062,21,30,best
322931,28,25,first
307313,11,36,first
307338,9,39,first
321761,26,24,first
324316,31,24,first
353285,27,18,first
292329,3,40,first
310520,20,31,first
353854,32,23,best
310466,8,37,first
322097,37,24,best
323678,36,18,first
322289,26,19,first
324691,39,23,best
308411,33,25,best
325204,21,33,first
339523,33,21,first
325567,29,23,first
321668,34,24,best
325901,25,23,first
322290,20,30,best
324215,40,23,best
308051,8,35,best
324861,18,27,first
322383,13,28,best
323645,14,26,best
321518,9,34,first
341626,35,23,best
337313,36,19,best
310761,13,36,first
305991,4,40,best
306603,20,34,best
322679,19,31,first
309010,18,34,best
321395,6,40,best
324112,23,27,best
291753,15,30,first
321969,18,28,best
322280,35,19,best
325388,20,29,best
306567,21,34,best
311083,13,37,first
323468,15,28,best
327831,16,27,first
353497,21,31,first
307078,39,24,best
324871,22,31,best
326377,29,33,first
277133,16,28,first
321204,5,35,first
337138,18,31,first
322368,35,25,first
321769,12,36,first
322752,38,24,best
291311,6,35,first
321248,40,22,first
321207,5,39,first
321295,15,34,first
342689,34,33,best
324852,10,37,first
307705,16,39,best
296700,14,39,best
306745,38,23,best
322666,20,26,best
323956,4,35,first
339084,34,25,first
322346,34,22,first
320948,2,38,first
323744,15,39,best
307195,5,40,best
322490,17,31,first
355894,19,27,first
323153,12,32,best
321570,18,23,best
321414,13,26,first
337775,27,23,first
341426,17,27,first
310906,11,28,first
322905,23,30,best
313889,13,29,first
323851,38,19,best
323259,22,27,first
355062,30,19,first
340016,38,20,best
322228,19,34,best
321842,22,34,best
322145,16,36,first
309703,14,30,first
323116,18,36,first
308734,38,33,best
355245,17,29,best
355043,35,33,best
322608,33,23,first
338079,37,22,first
307732,20,37,best
355431,36,24,first
321809,22,26,best
321180,5,38,best
325334,26,33,first
336915,10,32,first
339076,19,37,best
308420,17,34,first
321575,26,30,best
355709,19,36,first
326308,12,37,first
292673,16,29,best
338404,28,24,first
320593,29,21,first
338388,25,34,best
306804,10,35,best
339965,38,25,first
322992,25,30,best
357059,35,18,first
340044,19,29,best
338167,40,18,first
321691,23,36,best
337193,34,23,first
321849,16,26,best
323897,28,26,best
336918,36,22,first
353302,24,30,best
323748,37,33,best
307432,19,28,best
276883,24,36,best
356592,36,23,best
309423,36,25,first
305719,32,19,first
324739,24,33,first
324003,25,31,best
320999,27,26,best
310967,12,39,first
322153,35,24,first
292358,11,32,first
322664,21,28,best
323409,17,37,best
323919,21,37,best
322178,19,26,best
338368,28,22,best
293089,30,30,best
337996,30,23,best
322460,22,28,best
337155,26,26,best
305771,19,30,first
325248,13,39,first
322208,6,38,best
309492,25,26,best
322415,10,28,first
321010,23,19,first
326984,37,19,first
323457,14,29,first
323584,31,18,first
312920,15,37,first
352690,23,34,best
320673,21,26,first
341704,28,27,best
324219,7,38,best
294256,24,34,best
278944,16,37,first
353895,14,37,first
323500,8,39,first
339974,39,25,first
336854,31,19,first
340011,33,33,best
339195,17,36,first
321014,31,21,first
337074,20,36,first
339178,18,37,first
322946,21,29,best
308026,10,39,first
308374,24,26,best
321642,7,35,first
323750,29,27,best
320927,7,40,first
321704,34,24,first
339737,29,31,best
306606,31,23,first
293497,15,28,first
321117,10,40,best
306154,14,32,best
325256,27,34,best
337140,33,24,first
339559,26,34,best
322976,6,40,first
336868,32,24,first
308967,22,31,first
307698,35,23,first
322092,17,28,best
339432,22,37,best
308013,14,28,first
307503,15,32,best
307086,22,30,first
325751,18,39,best
307999,20,28,best
338961,33,25,first
354069,38,18,first
310832,21,36,first
293437,13,35,best
309323,4,38,first
322456,27,30,best
309597,28,34,best
336961,12,28,first
355553,37,18,best
324515,25,37,best
309556,14,36,first
307351,8,38,best
325422,25,36,best
324377,34,19,first
311763,18,29,first
340132,24,37,best
321681,21,30,first
309443,36,19,first
323704,11,39,first
324122,28,23,best
321327,13,32,first
324444,25,27,first
353433,20,27,first
294661,8,40,best
341754,37,25,first
341411,14,39,first
340730,26,31,best
322843,14,26,first
339154,31,34,best
321438,9,38,best
322911,15,36,first
324126,37,31,best
339752,24,31,first
306284,22,26,first
324090,39,23,first
324738,23,27,first
355622,28,31,best
321156,13,28,first
322289,11,35,best
321243,5,40,first
322412,25,28,best
321462,17,26,first
338933,19,37,first
310054,16,39,first
324498,36,27,best
324717,22,34,first
324420,31,33,best
355624,31,25,best
339198,36,33,best
325105,20,29,first
323880,40,23,first
324244,35,31,best
321752,33,30,best
322671,33,36,best
324250,32,27,best
309043,16,34,first
310185,23,30,first
323601,30,27,best
371468,21,27,first
338135,31,36,best
341499,28,36,best
341427,24,27,best
338398,23,31,first
325202,22,36,first
324728,11,29,first
323073,40,19,best
321013,19,28,first
308568,32,31,best
322184,20,34,first
322009,26,27,first
322019,9,40,best
309753,15,39,first
353803,38,24,first
322607,18,34,first
356381,32,34,best
320962,17,32,best
293702,18,23,first
337268,32,33,first
321880,38,27,best
278839,33,33,first
294504,23,28,best
322301,11,40,best
307284,10,35,first
324340,27,37,best
324720,16,29,first
340237,26,36,best
323008,27,21,first
324085,27,36,best
324360,23,36,first
322375,34,27,best
323172,29,24,first
337423,35,19,first
306746,9,35,first
322472,34,30,best
338096,24,29,best
321568,32,23,first
338712,26,29,best
292610,18,28,first
321288,29,19,best
341159,38,33,first
355217,32,37,best
324867,25,30,first
337742,36,23,first
309171,35,33,first
306443,5,38,first
306422,6,38,first
310107,26,37,best
324409,28,27,first
309100,19,34,first
339367,33,31,best
308228,28,30,best
322807,27,31,best
325118,21,37,first
337783,29,26,best
340890,20,39,best
320379,26,26,first
340280,17,39,best
355199,38,20,first
325339,19,39,best
324744,23,37,best
325740,30,31,best
325918,39,36,best
321998,9,32,first
326118,37,36,best
323394,39,33,best
322958,26,30,first
307962,17,29,first
309879,28,22,first
342113,32,36,best
325676,22,29,best
325974,20,37,first
320657,10,38,best
341295,37,30,best
324658,28,26,first
305932,4,40,first
325571,23,39,best
322200,24,28,best
354552,24,39,best
321650,15,35,best
322666,19,29,first
323885,15,29,best
353448,39,31,best
339393,36,36,best
308092,29,37,best
308816,14,40,best
321344,33,37,best
321828,12,35,best
368986,30,23,first
309009,23,29,best
308226,25,26,first
325583,24,34,first
293482,16,26,first
337840,21,34,first
338784,37,24,first
308305,16,32,best
323524,31,28,best
338272,24,26,first
294147,25,39,best
307651,13,40,best
306100,30,30,first
308478,12,38,best
322677,19,32,best
324726,18,26,first
339266,21,39,best
322846,27,28,best
293225,34,33,first
337303,29,27,first
321554,13,35,first
328352,30,37,best
323178,38,23,first
324174,17,28,first
292647,15,32,first
357207,35,36,best
320998,24,19,best
324838,30,26,best
325505,21,29,first
322914,28,34,first
354231,25,31,first
326231,30,39,best
353617,27,39,best
321334,33,19,best
323635,31,26,best
338212,28,37,best
339306,36,31,best
310493,39,27,best
336582,20,30,first
322375,17,40,best
338729,8,38,first
341727,17,37,first
265736,37,33,first
325720,38,36,best
320879,21,32,best
322503,12,40,best
323113,15,40,best
339251,34,37,best
323174,24,36,first
307512,29,34,best
323653,27,29,best
322302,21,28,first
356225,8,35,first
322891,33,26,best
307527,23,26,best
320504,35,34,best
384956,40,25,best
321748,32,30,best
323166,38,19,first
324513,22,37,first
322747,22,28,first
326264,36,33,first
338647,31,34,first
325584,27,34,first
321791,26,39,best
320784,40,30,best
307150,16,35,best
323629,40,36,best
339709,38,22,best
369814,26,31,first
340349,37,18,first
309365,27,26,first
306124,14,35,best
338369,27,27,best
323258,30,34,best
321525,8,40,first
323299,25,36,first
337392,22,39,best
326074,31,27,best
339518,28,28,best
322560,12,32,first
339428,26,28,best
324590,38,31,best
323329,10,40,first
354285,35,28,best
323851,35,30,best
306781,34,27,first
341399,23,34,first
292207,20,28,first
354219,40,19,first
291270,11,40,first
311137,30,27,first
324768,35,26,best
323649,33,36,first
307977,28,39,best
325596,29,26,first
307765,7,38,first
309873,27,37,first
321466,16,40,best
324816,40,34,best
322477,25,37,first
321477,19,26,first
340909,27,36,first
306835,9,38,first
307686,11,38,best
354301,29,36,best
323171,15,38,best
321885,25,28,first
353426,36,27,first
307017,20,35,best
338177,36,28,best
321463,24,32,best
337457,25,29,best
340176,31,33,first
326569,38,34,best
340752,33,39,best
341045,34,28,best
325694,39,18,best
338211,32,29,best
321338,20,26,first
291342,9,40,first
340306,29,28,best
325042,29,31,first
320834,39,24,first
337968,29,19,first
323706,33,28,best
356128,35,31,first
322127,14,32,first
322738,24,29,first
322429,24,30,first
307735,37,37,best
337467,32,26,best
323257,19,39,first
321482,25,34,first
281404,37,31,first
322311,19,35,best
355462,28,31,first
371130,39,34,best
324201,24,37,first
323920,32,34,first
323228,22,32,best
324978,28,23,first
325438,31,36,first
310310,33,31,first
352951,39,26,best
323625,39,31,first
325841,38,28,best
323722,27,31,first
324303,31,29,best
325252,26,36,first
326213,31,39,best
307518,34,30,first
323630,33,30,first
290426,19,40,best
321881,27,30,first
321937,23,28,first
321818,35,29,best
326302,33,37,first
323572,25,32,best
320734,29,37,first
339228,17,38,best
369264,32,27,first
323397,23,29,first
321805,10,38,first
323579,36,30,best
324154,37,26,best
340336,26,37,first
308500,13,38,best
325261,17,39,first
321455,28,32,best
354964,20,39,first
325265,32,31,first
307922,32,37,first
324415,30,31,first
321606,26,32,best
307085,35,36,first
309951,37,30,first
321762,34,29,best
339915,38,27,first
323349,36,26,best
292697,28,30,first
323319,34,26,best
321181,26,29,first
322319,27,32,best
323770,34,34,best
322711,24,27,first
321223,17,40,first
322138,20,38,best
307711,14,40,first
278271,40,30,first
322828,22,29,first
322265,37,36,first
307833,16,38,best
336523,34,37,first
308619,24,19,first
339077,32,39,best
340517,31,25,first
311756,25,39,first
323750,39,37,best
309650,15,40,first
321925,12,40,first
311143,18,39,first
323490,36,31,first
282654,36,36,first
308836,15,29,first
307409,36,29,best
355104,29,34,first
323734,24,28,first
322624,31,26,first
295091,33,19,first
304803,21,32,first
322172,32,36,first
307954,23,26,first
305975,27,29,first
308285,39,27,first
321742,15,35,first
339366,26,34,first
310122,24,38,best
322876,32,32,best
339291,22,39,first
310417,34,39,best
322961,27,28,first
324108,40,31,best
306584,24,40,best
340591,22,38,best
310382,35,30,first
320963,18,35,best
311505,30,39,first
355706,40,36,first
338330,24,39,first
324436,19,38,best
291768,16,35,first
322425,16,32,first
324077,38,22,first
339289,37,23,best
321749,23,39,first
307417,12,35,first
340160,28,36,first
307218,18,40,best
324211,12,38,first
326964,38,36,first
354548,29,36,first
339827,29,29,best
322298,30,24,best
322843,39,36,first
338447,25,40,best
353344,33,26,first
354300,21,35,best
293702,23,35,best
307476,19,32,first
323193,35,26,first
322812,13,40,first
320589,27,39,first
280193,11,38,first
307268,17,32,first
326301,35,34,first
309114,31,30,best
278534,37,29,best
322460,31,27,first
321921,38,30,best
309587,14,35,first
355246,33,32,best
306318,36,32,best
297074,23,37,first
339425,26,28,first
339780,26,39,first
324712,38,26,best
310071,35,37,best
339991,37,34,best
324621,35,28,first
310187,36,37,best
354506,30,34,first
321251,11,35,first
309183,39,28,best
322399,20,40,best
309511,21,40,best
323704,26,38,best
321281,35,29,first
325005,33,34,best
341540,39,18,first
321252,37,32,best
323614,28,39,first
326590,37,28,best
295173,30,37,first
323360,35,27,best
323022,38,34,first
321728,23,40,best
322906,29,30,best
308650,32,30,first
307026,24,32,first
308052,15,26,best
322652,23,38,best
308951,38,31,first
323098,27,27,first
355110,15,38,first
326237,28,37,first
337398,22,40,best
322061,40,29,best
323587,32,29,first
321093,29,38,best
323522,40,34,first
323570,38,37,best
324122,21,38,best
323303,37,37,first
339289,36,39,best
323625,34,32,best
322167,22,32,first
306394,16,40,first
323060,37,27,best
338069,40,25,first
308204,22,35,best
326478,28,38,best
354473,28,28,first
322882,31,32,best
305407,20,35,first
324258,39,39,best
310935,18,38,best
308249,33,39,first
322406,39,37,first
338324,30,26,first
339581,35,39,best
338617,39,29,best
338768,40,24,best
310956,16,38,first
370348,33,28,first
323659,39,26,first
323056,33,27,best
308184,34,36,best
308315,38,32,best
339056,25,38,best
338814,31,31,best
339506,31,28,first
311425,34,28,first
325979,34,26,first
325994,28,35,best
326832,30,35,best
321285,39,19,best
308304,25,29,first
311222,17,38,first
356074,13,38,first
339258,39,34,first
324910,27,38,best
325441,36,30,first
307542,21,39,first
311233,39,33,first
400000,27,35,best
323438,19,35,first
323525,29,32,best
308383,26,35,best
337024,19,40,first
340274,34,31,best
324133,26,32,first
338406,38,29,best
324019,37,26,first
340459,37,39,best
337120,34,29,first
323158,40,27,best
338435,40,31,first
325482,28,32,first
324230,21,35,first
338023,29,40,best
326086,40,32,best
325467,29,28,first
321359,39,32,best
323016,32,26,first
337963,32,32,first
321409,25,35,best
323788,35,32,best
323269,29,35,best
323779,32,39,first
326591,20,38,first
295334,31,39,first
262223,37,29,first
322795,17,35,best
324958,37,23,first
368826,31,30,first
339942,24,40,first
293543,20,32,best
325441,33,38,best
322913,40,35,best
310976,30,38,best
326091,24,35,best
340229,36,28,first
323277,29,29,first
356342,40,39,best
278411,18,40,first
324418,31,40,best
324036,27,32,first
308547,23,40,first
339712,28,29,best
307661,36,32,first
337636,37,35,best
307917,25,32,first
339598,33,35,best
338570,20,40,first
337379,32,40,best
339151,32,38,best
322630,28,40,best
356062,38,28,first
310531,34,39,first
354137,38,26,first
324267,33,32,first
337234,33,40,best
323293,36,35,best
311255,31,35,best
282191,25,40,first
338668,27,40,best
341274,22,38,first
324468,31,38,best
353750,36,34,best
339616,21,40,first
325480,37,32,first
307633,38,35,best
338129,29,38,first
321565,36,29,first
309079,19,38,first
320849,35,27,first
323175,31,29,first
322528,36,26,first
292447,24,38,first
324417,38,30,first
326723,40,37,best
322420,26,40,best
327026,34,40,best
264872,34,36,first
311223,34,32,first
309686,32,35,best
311277,37,28,first
295362,36,37,first
307896,37,27,first
314784,28,38,first
312088,39,39,first
326359,35,37,first
339644,21,38,first
338754,40,29,first
325573,18,35,first
323993,31,37,best
321271,29,30,first
339356,34,38,best
324466,35,35,best
322150,38,38,best
340076,26,38,first
309248,34,34,first
337396,31,31,first
322912,23,38,first
309562,23,35,first
323342,23,32,best
355682,32,28,best
321204,30,24,first
295090,27,38,first
340505,35,38,best
309996,37,34,first
338905,40,38,best
323781,15,26,first
337403,29,32,first
307010,33,34,first
325963,29,39,best
324326,30,36,best
322739,39,35,best
310827,25,38,first
341086,40,26,best
368963,40,32,first
306459,38,37,first
294210,22,40,first
354446,36,38,best
323539,28,35,first
322632,33,29,best
310574,34,31,first
322219,18,32,best
323531,31,32,first
323575,39,19,first
340370,40,27,first
339279,14,38,best
308767,37,39,first
354513,26,35,first
339086,29,35,first
321317,33,27,first
326443,36,40,best
322754,27,35,first
325962,34,35,best
338094,35,40,best
326882,39,28,first
323683,38,29,first
369443,35,32,first
277941,22,35,first
325884,25,35,first
326520,39,32,first
338803,30,28,best
339384,39,38,best
309431,38,40,best
339955,40,33,best
308086,36,39,first
338775,18,38,first
340634,38,32,first
309455,29,40,first
308370,17,35,first
322913,39,29,first
296260,39,40,best
337892,37,38,best
337352,35,39,first
337552,30,35,first
326870,24,35,first
355359,40,24,first
307214,20,32,first
324946,40,40,best
369155,30,38,first
325608,30,29,best
323467,40,39,first
323361,33,38,first
338180,33,35,first
338648,37,40,best
340531,36,35,first
339901,31,40,first
295104,33,40,first
310137,27,40,first
320545,28,29,first
325319,31,38,first
338419,37,35,first
341665,28,40,first
293936,31,35,first
292168,40,37,first
325117,32,40,first
338884,26,40,first
323287,32,38,first
338107,39,30,best
310917,32,35,first
324838,34,40,first
292868,38,35,first
369025,40,35,first
325539,36,34,first
292195,31,37,first
293830,38,38,first
312154,34,38,first
307802,23,32,first
309532,35,35,first
311622,32,28,first
321646,30,32,best
292841,29,39,first
340443,30,36,first
291845,39,35,first
308527,35,38,first
309195,33,29,first
254330,40,26,first
292323,40,38,first
262582,18,32,first
298036,14,38,first
295949,35,40,first
311597,36,40,first
309216,34,35,first
338597,38,39,best
313354,38,40,first
294961,40,28,best
328434,40,33,first
309755,36,38,first
258882,39,40,first
312301,30,40,best
297345,30,28,first
296554,39,38,first
292261,37,38,first
283232,40,40,first
279154,30,29,first
252448,37,40,first
276077,40,28,first
254131,39,30,first
277794,30,40,first
248893,30,32,first
233545,38,39,first
286225,11,11,best
325426,20,5,first
309206,34,6,best
285986,8,14,best
302680,10,14,best
381230,33,4,best
307363,30,14,first
301764,23,19,best
300972,10,28,best
306342,14,23,first
304660,39,14,best
286244,8,28,first
285997,39,22,best
341124,19,24,first
380024,3,35,first
304331,24,18,first
305060,6,32,first
303094,32,20,first
307776,12,30,first
323022,10,37,best
305890,15,27,best
306785,17,30,best
301318,9,37,best
320530,21,25,first
303858,11,27,first
284896,8,36,first
306411,28,33,best
306295,30,33,best
